Tamb,I,Tcoolant_in,mass_flowrate_optimal
30.9,393,29.901102512453072,0.0003020408163265306
29.0,184,26.870059823057865,0.0003020408163265306
19.6,124,27.454348223633122,0.0003020408163265306
22.3,326,20.202526431560358,0.0003020408163265306
25.1,536,21.105548646656793,0.0003020408163265306
