Tamb,I,Tcoolant_in,mass_flowrate_optimal
30.9,393,23.078325032190552,0.004544897959183674
29.0,184,30.705683345098233,0.0
19.6,124,23.17063529614922,0.01
22.3,326,18.868792745704724,0.01
25.1,536,22.287827265464028,0.01
27.5,728,23.689732610152404,0.01
29.6,886,22.716214827327907,0.01
31.3,992,20.136225557224993,0.01
32.6,1034,27.282613761957062,0.01
33.5,1014,24.660060601978252,0.01
