Tamb,I,Tcoolant_in,mass_flowrate_optimal
30.9,393,25.28982336030048,0.0025244897959183677
29.0,184,24.402937055427028,0.002120408163265306
19.6,124,27.84856344728489,0.0
22.3,326,26.84854353121331,0.01
25.1,536,22.78138013710655,0.01
27.5,728,26.429144074144123,0.01
29.6,886,23.827717558435854,0.01
31.3,992,25.753731500575125,0.01
32.6,1034,22.956675278990687,0.01
33.5,1014,27.976459323245365,0.01
